{"initial_reset_timestamp": 1573814745.773236, "timestamps": [1573814745.957482, 1573814746.153873, 1573814746.2911859, 1573814746.409873, 1573814746.527385, 1573814746.614936, 1573814746.760519, 1573814746.908021, 1573814747.138687, 1573814747.2675478], "episode_lengths": [168, 182, 180, 159, 158, 124, 197, 210, 229, 173], "episode_rewards": [1.0, 1.0, 1.0, 1.0, 1.0, 0.0, 2.0, 2.0, 2.0, 1.0], "episode_types": ["t", "t", "t", "t", "t", "t", "t", "t", "t", "t"]}