{"initial_reset_timestamp": 1573808068.855968, "timestamps": [1573808069.028835, 1573808069.250839, 1573808069.367574, 1573808069.462541, 1573808069.5806642, 1573808069.717887, 1573808069.8516722, 1573808069.957126, 1573808070.1499362, 1573808070.32818], "episode_lengths": [175, 211, 193, 188, 220, 246, 243, 191, 219, 333], "episode_rewards": [0.0, 1.0, 0.0, 0.0, 1.0, 1.0, 1.0, 0.0, 1.0, 3.0], "episode_types": ["t", "t", "t", "t", "t", "t", "t", "t", "t", "t"]}